{
    "variants": {
        "facing=north,slot_0_occupied=true,slot_1_occupied=false,slot_2_occupied=false,slot_3_occupied=false,slot_4_occupied=false,slot_5_occupied=false":[
				{ "model": "block/north_100000" }
			],
		"facing=north,slot_0_occupied=false,slot_1_occupied=true,slot_2_occupied=false,slot_3_occupied=false,slot_4_occupied=false,slot_5_occupied=false":[
				{ "model": "block/north_010000" }
			],
		"facing=north,slot_0_occupied=true,slot_1_occupied=true,slot_2_occupied=false,slot_3_occupied=false,slot_4_occupied=false,slot_5_occupied=false":[
				{ "model": "block/north_110000" }
			],
		"facing=north,slot_0_occupied=false,slot_1_occupied=false,slot_2_occupied=true,slot_3_occupied=false,slot_4_occupied=false,slot_5_occupied=false":[
				{ "model": "block/north_001000" }
			],
		"facing=north,slot_0_occupied=true,slot_1_occupied=false,slot_2_occupied=true,slot_3_occupied=false,slot_4_occupied=false,slot_5_occupied=false":[
				{ "model": "block/north_101000" }
			]
    }
}
